[
  {
    "model": "account.account",
    "pk": 1,
    "fields": {
      "password": "pbkdf2_sha256$260000$Xebf8P9tpq8H7O4WOF211f$IvxmKku+/YimRwn5KPkiSKx68VwYyZh9knCCOvSXmxs=",
      "email": "test@test.pl",
      "company_name": "test",
      "date_joined": "2022-05-19T14:51:24.944Z",
      "last_login": "2022-05-19T14:51:24.944Z",
      "is_admin": true,
      "is_active": true,
      "is_staff": true,
      "is_superuser": true,
      "logo": "",
      "groups": [],
      "user_permissions": []
    }
  },
  {
    "model": "polls.poll",
    "pk": 1,
    "fields": {
      "title": "Testowa ankieta",
      "description": "Testowy opis",
      "slug": "GY5dkykAFQL2V8LJhkk45sK7OBhYIuyic-J7yq_4OtP77wD7uu",
      "start_date": null,
      "end_date": null,
      "create_date": "2022-05-19T15:02:34.750Z",
      "filling": 0,
      "sent": 0,
      "status": 2,
      "author": 1
    }
  },
  {
    "model": "questions.questiontype",
    "pk": 1,
    "fields": {
      "type_name": "Checkbox"
    }
  },
  {
    "model": "questions.questiontype",
    "pk": 2,
    "fields": {
      "type_name": "Combobox"
    }
  },
  {
    "model": "questions.questiontype",
    "pk": 3,
    "fields": {
      "type_name": "LongText"
    }
  },
  {
    "model": "questions.questiontype",
    "pk": 4,
    "fields": {
      "type_name": "ShortText"
    }
  },
  {
    "model": "questions.questiontype",
    "pk": 5,
    "fields": {
      "type_name": "Radio"
    }
  },
  {
    "model": "questions.questiontype",
    "pk": 6,
    "fields": {
      "type_name": "Scale5"
    }
  },
  {
    "model": "questions.questiontype",
    "pk": 7,
    "fields": {
      "type_name": "Scale10"
    }
  },
  {
    "model": "questions.question",
    "pk": 1,
    "fields": {
      "position": 1,
      "content": "Pytanie combobox",
      "poll": 1,
      "question_type": 2,
      "required": true
    }
  },
  {
    "model": "questions.question",
    "pk": 2,
    "fields": {
      "position": 4,
      "content": "Pytanie Radio",
      "poll": 1,
      "question_type": 5,
      "required": false
    }
  },
  {
    "model": "questions.question",
    "pk": 3,
    "fields": {
      "position": 0,
      "content": "Pytanie checkbox",
      "poll": 1,
      "question_type": 1,
      "required": false
    }
  },
  {
    "model": "questions.question",
    "pk": 4,
    "fields": {
      "position": 3,
      "content": "Pytanie ShortText",
      "poll": 1,
      "question_type": 4,
      "required": false
    }
  },
  {
    "model": "questions.question",
    "pk": 5,
    "fields": {
      "position": 2,
      "content": "Pytanie LongText",
      "poll": 1,
      "question_type": 3,
      "required": false
    }
  },
  {
    "model": "questions.question",
    "pk": 6,
    "fields": {
      "position": 5,
      "content": "Pytanie skala 1-5",
      "poll": 1,
      "question_type": 6,
      "required": false
    }
  },
  {
    "model": "questions.question",
    "pk": 7,
    "fields": {
      "position": 6,
      "content": "Pytanie skala 1-10",
      "poll": 1,
      "question_type": 7,
      "required": true
    }
  },
  {
    "model": "questions.option",
    "pk": 1,
    "fields": {
      "content": "odpowiedź 3",
      "question": 1
    }
  },
  {
    "model": "questions.option",
    "pk": 2,
    "fields": {
      "content": "Odpowiedź 1",
      "question": 2
    }
  },
  {
    "model": "questions.option",
    "pk": 3,
    "fields": {
      "content": "odpowiedź 1",
      "question": 1
    }
  },
  {
    "model": "questions.option",
    "pk": 4,
    "fields": {
      "content": "odpowiedź 2",
      "question": 1
    }
  },
  {
    "model": "questions.option",
    "pk": 5,
    "fields": {
      "content": "Odpowiedź 2",
      "question": 2
    }
  },
  {
    "model": "questions.option",
    "pk": 6,
    "fields": {
      "content": "Odpowiedź 5",
      "question": 2
    }
  },
  {
    "model": "questions.option",
    "pk": 7,
    "fields": {
      "content": "odpowiedź 1",
      "question": 3
    }
  },
  {
    "model": "questions.option",
    "pk": 8,
    "fields": {
      "content": "Odpowiedź 4",
      "question": 2
    }
  },
  {
    "model": "questions.option",
    "pk": 9,
    "fields": {
      "content": "Odpowiedź 3",
      "question": 2
    }
  },
  {
    "model": "questions.option",
    "pk": 10,
    "fields": {
      "content": "odpowiedź 3",
      "question": 3
    }
  },
  {
    "model": "questions.option",
    "pk": 11,
    "fields": {
      "content": "odpowiedź 2",
      "question": 3
    }
  },
  {
    "model": "questions.option",
    "pk": 12,
    "fields": {
      "content": "Odpowiedź ShortText",
      "question": 4
    }
  },
  {
    "model": "questions.option",
    "pk": 13,
    "fields": {
      "content": "Odpowiedź LongText",
      "question": 5
    }
  },
  {
    "model": "questions.option",
    "pk": 14,
    "fields": {
      "content": "Odpowiedź",
      "question": 6
    }
  },
  {
    "model": "questions.option",
    "pk": 15,
    "fields": {
      "content": "Odpowiedź",
      "question": 7
    }
  },
  {
    "model": "answers.answer",
    "pk": 1,
    "fields": {
      "question_id": 1
    }
  },
  {
    "model": "answers.answer",
    "pk": 2,
    "fields": {
      "question_id": 1
    }
  },
  {
    "model": "answers.answer",
    "pk": 3,
    "fields": {
      "question_id": 2
    }
  },
  {
    "model": "answers.answer",
    "pk": 3,
    "fields": {
      "question_id": 3
    }
  },
  {
    "model": "answers.answer",
    "pk": 4,
    "fields": {
      "question_id": 4
    }
  },
  {
    "model": "answers.answer",
    "pk": 5,
    "fields": {
      "question_id": 5
    }
  },
  {
    "model": "answers.answer",
    "pk": 6,
    "fields": {
      "question_id": 6
    }
  },
  {
    "model": "answers.answer",
    "pk": 7,
    "fields": {
      "question_id": 7
    }
  },
  {
    "model": "answers.answerdetails",
    "pk": 1,
    "fields": {
      "answers_id": 1,
      "text_answer": "Odpowiedź 1",
      "option_id": 1
    }
  },
  {
    "model": "answers.answerdetails",
    "pk": 2,
    "fields": {
      "answers_id": 1,
      "text_answer": "Odpowiedź krótka",
      "option_id": 5
    }
  },
  {
    "model": "answers.answerdetails",
    "pk": 3,
    "fields": {
      "answers_id": 1,
      "text_answer": "Długa odpowiedź odpowiedź odpowiedź odpowiedź odpowiedź odpowiedź odpowiedź odpowiedź odpowiedź",
      "option_id": 4
    }
  },
  {
    "model": "answers.answerdetails",
    "pk": 4,
    "fields": {
      "answers_id": 2,
      "text_answer": "Odpowiedź 1",
      "option_id": 2
    }
  },
  {
    "model": "answers.answerdetails",
    "pk": 5,
    "fields": {
      "answers_id": 3,
      "text_answer": "Odpowiedź 1",
      "option_id": 2
    }
  }
]